_id,telkinio_pav,m_vietos_pav,data,vandens_temp,suspend_medziagos,sarmingumas,deguon_istirpes,ph,elektr_laidis
e03ce263-7fa1-4cfa-91dd-bb7bd5942e22,NERIS,Neris ties Buivydžiais,2017-01-02,1.5,2.8,3.2,12.57,7.88,407.0
67f791cc-845e-4313-8ade-619eabe0aa09,NERIS,Neris aukščiau Panerių,2017-01-02,1.7,3.3,3.4,13.34,7.8,411.0
7e7d29a9-642f-44e7-9d4d-d471c1c698d7,NERIS,Neris aukščiau Kauno,2017-01-03,2.7,8.0,3.8,12.2,8.4,453.0
d4e2106a-8f76-40f0-bb7d-4a073e33dad5,NERIS,Neris ties Buivydžiais,2017-02-06,0.2,2.1,3.6,13.02,8.08,463.0
2f6e206e-4135-4b5e-be15-c58d4a529b9b,NERIS,Neris aukščiau Panerių,2017-02-06,0.3,4.2,3.8,13.75,7.98,446.0
1dda19c4-e1bd-47af-b447-0e5e7584dd49,NERIS,Neris aukščiau Kauno,2017-02-07,0.5,4.6,4.3,13.4,8.5,492.0
f8e090ea-79e9-4822-b608-4b04ec44fbfd,NERIS,Neris žemiau santakos su Žiežmara,2017-02-27,1.7,15.0,3.2,13.4,8.6,410.0
3ecb6470-f3b2-4fe3-9ab3-4993dc8d3a1d,NERIS,Neris ties Buivydžiais,2017-03-06,2.5,5.4,2.7,11.91,7.91,369.0
d53f9be0-032e-4ab9-990d-903a11b83cd0,NERIS,Neris aukščiau Panerių,2017-03-06,2.7,9.0,2.0,12.4,7.95,375.0
04111195-57a2-4f6f-8f34-47cb59b2acbc,NERIS,Neris aukščiau Kauno,2017-03-07,2.6,24.0,3.4,13.3,8.4,397.0
1bbce494-289e-4cb4-a94e-5b767202c105,NERIS,Neris aukščiau Panerių,2017-03-20,2.6,24.0,3.4,13.3,8.4,397.0
074afdb8-b115-494f-a516-a2af6d253926,NERIS,Neris ties Buivydžiais,2017-04-03,7.6,4.5,3.01,10.79,7.96,373.0
648d5e30-86cf-4d99-bfbd-691b9a89e218,NERIS,Neris aukščiau Panerių,2017-04-03,7.6,5.6,3.5,11.57,8.16,375.0
2d98f5e9-c8cc-4e5e-808b-6e87960982d1,NERIS,Neris aukščiau Kauno,2017-04-04,8.2,7.3,3.7,11.5,8.2,430.0
bfb169f2-4d88-40e6-bbf0-5080e00e5c21,NERIS,Neris žemiau santakos su Žiežmara,2017-04-12,9.3,7.3,3.5,11.3,8.3,399.0
f02c72f4-2cdd-4f22-a295-66c736db28a4,NERIS,Neris aukščiau Panerių,2017-05-08,12.9,4.5,3.2,11.08,6.95,371.0
aef24a90-2974-4bf2-95ca-a08a85564b28,NERIS,Neris ties Buivydžiais,2017-05-08,12.1,3.2,3.2,9.83,7.84,359.0
5d7da04b-8fe8-4719-82b5-606eab61d3b6,NERIS,Neris aukščiau Kauno,2017-05-09,12.5,10.0,4.6,9.8,8.1,431.0
1a916242-839c-4216-8595-9aa458d33ac6,NERIS,Neris ties Buivydžiais,2017-06-05,15.4,7.0,3.2,8.73,8.27,394.0
88404d87-7dd5-4121-bcec-646d31730af0,NERIS,Neris aukščiau Panerių,2017-06-05,15.5,7.4,4.2,9.9,8.58,397.0
1c53ed2b-2dbe-4b20-ac40-5f94931fd842,NERIS,Neris aukščiau Kauno,2017-06-06,17.6,20.0,4.1,9.7,8.6,442.0
b899aa80-cd71-4502-a992-31188abc4609,NERIS,Neris aukščiau Panerių,2017-07-03,17.5,7.7,3.3,8.61,7.81,390.0
bc721aa9-666b-4c01-8b49-e5e900857ac5,NERIS,Neris ties Buivydžiais,2017-07-03,17.3,9.0,2.8,7.87,7.95,391.0
ad4535c8-ad96-4407-843b-0348fa632077,NERIS,Neris aukščiau Kauno,2017-07-03,17.8,4.9,4.1,9.0,8.2,454.0
a52c6a48-2988-432d-af26-41449f1027df,NERIS,Neris ties Buivydžiais,2017-08-07,19.3,8.1,2.7,7.41,8.07,384.0
21f674ca-07e2-441d-9684-3e100eddbfe8,NERIS,Neris aukščiau Panerių,2017-08-07,19.7,7.9,3.8,7.76,7.97,394.0
8f24f1b6-ff27-4dad-847a-e3c9a4a9b0a0,NERIS,Neris aukščiau Kauno,2017-08-08,20.4,3.2,4.2,7.9,7.9,456.0
c03a02ce-43d9-4af1-b3bd-870a6944d3a5,NERIS,Neris žemiau santakos su Žiežmara,2017-08-23,20.1,8.4,3.8,8.8,8.3,393.0
53d0aa50-204a-4120-86cf-8e194cc41a0f,NERIS,Neris ties Buivydžiais,2017-09-04,16.4,4.2,2.8,7.73,7.81,355.0
1216a755-c917-4823-8b49-65d576a316e0,NERIS,Neris aukščiau Panerių,2017-09-04,16.4,8.8,3.1,8.25,7.67,364.0
0fd42201-c335-4f85-abb0-d67d22fd0f11,NERIS,Neris aukščiau Kauno,2017-09-04,17.9,7.3,4.1,8.3,8.3,424.0
bedb561f-ceb2-440d-b2d6-212d1614fb40,NERIS,Neris aukščiau Panerių,2017-10-02,11.8,15.0,3.2,8.92,8.12,386.0
b1a51b56-4936-40e3-8e5e-63b412d3fd48,NERIS,Neris ties Buivydžiais,2017-10-02,11.1,7.4,3.2,9.53,8.07,382.0
80dcb798-f8ec-498e-b9b3-1c0d5edf9f6a,NERIS,Neris aukščiau Kauno,2017-10-03,10.1,6.8,4.2,10.1,8.4,540.0
6621c135-81af-4860-ba30-eb224d264c99,NERIS,Neris žemiau santakos su Žiežmara,2017-10-16,10.6,10.0,3.7,9.1,8.0,402.0
1f4d1294-d8db-4a5a-ad27-1002e117e5a9,NERIS,Neris ties Buivydžiais,2017-11-06,5.8,3.8,2.9,10.66,7.95,395.0
d8a0f2ee-e946-4345-a527-ed464cce11ab,NERIS,Neris aukščiau Panerių,2017-11-06,6.1,6.5,3.0,10.95,8.08,390.0
3966bb6a-68d3-4d8e-b60b-56742f41f615,NERIS,Neris aukščiau Kauno,2017-11-07,7.0,5.6,4.0,10.8,8.1,426.0
a02e5edf-c63a-41b6-8814-fb460af669f7,NERIS,Neris aukščiau Panerių,2017-12-04,2.1,5.8,3.0,10.27,7.79,401.0
9629f605-1052-4b1d-8db7-34d0fcd86771,NERIS,Neris aukščiau Kauno,2017-12-04,2.0,7.1,4.3,12.3,8.1,486.0
36fc2903-3c06-4e7b-9f79-6127886e1c23,NERIS,Neris ties Buivydžiais,2017-12-04,2.2,6.5,2.9,10.29,7.51,397.0
ec771e3a-28b7-419a-b263-1722ced02a89,NERIS,Neris aukščiau Panerių,2018-01-08,1.8,5.7,3.26,13.23,8.07,391.0
3ade6d1c-3f77-4a64-9b41-c0317f0cd7c2,NERIS,Neris ties Buivydžiais,2018-01-08,1.6,2.5,3.19,12.52,8.42,392.0
5c6dfd24-e8aa-4b29-97ab-00c13d9740e1,NERIS,Neris aukščiau Kauno,2018-01-09,2.1,34.0,4.0,9.8,8.1,441.0
ebe352d9-ec6b-41f1-abaf-99786afd05d3,NERIS,Neris aukščiau Panerių,2018-02-05,0.1,7.7,3.4,13.69,8.05,394.0
04564b06-91ce-439c-b4f2-661341b3fc90,NERIS,Neris ties Buivydžiais,2018-02-05,0.1,5.7,3.5,13.28,8.15,400.0
7ecdebfd-c0ad-4550-8670-90cc5344fada,NERIS,Neris žemiau Tuščiaulių,2018-02-05,0.1,4.4,3.8,13.38,8.01,385.0
cd11d768-5833-484a-b3e9-724508386c7a,NERIS,Neris aukščiau Kauno,2018-02-06,0.4,9.7,3.7,10.5,8.2,419.0
815d3bc3-f789-479d-acdf-f5ee043f32fd,NERIS,Neris ties Buivydžiais,2018-03-05,0.1,2.6,3.3,12.19,8.05,450.0
a7baeb2b-c3ed-4d28-a6db-9bd4e30b627d,NERIS,Neris aukščiau Panerių,2018-03-05,0.1,2.6,3.3,12.01,8.28,469.0
ff2c5e96-f64c-45c6-a6e7-fa6cc79f23ad,NERIS,Neris aukščiau Kauno,2018-03-06,0.8,4.7,4.7,12.8,8.0,579.0
4d73cb2f-ff95-43e4-879d-00065ead5669,NERIS,Neris ties Buivydžiais,2018-04-09,7.1,6.4,2.5,10.63,7.98,327.0
b3bb15bf-887c-4e39-8d56-983a6cae72d9,NERIS,Neris aukščiau Panerių,2018-04-09,7.2,15.0,2.6,11.63,8.07,334.0
25eb75db-15b5-4ca9-8a62-d6e3bfcdb94f,NERIS,Neris aukščiau Kauno,2018-04-10,8.7,19.0,3.4,11.2,8.2,385.0
ab1b751a-9d4a-47fb-81d0-918b2d773789,NERIS,Neris ties Buivydžiais,2018-05-07,15.4,11.4,3.7,7.79,8.11,374.0
15284ff5-fb95-4822-90a7-6bad563f70fd,NERIS,Neris aukščiau Panerių,2018-05-07,16.0,12.9,3.4,8.91,8.15,381.0
e4706129-f5de-4030-b43f-af0c6560bee7,NERIS,Neris žemiau Tuščiaulių,2018-05-07,15.0,8.2,3.6,7.78,8.08,368.0
1bb03618-8d5e-4376-96a2-844771174f1c,NERIS,Neris aukščiau Kauno,2018-05-08,18.1,15.0,4.0,12.0,8.5,426.0
69a640a1-f7cb-4e16-8489-a291508da676,NERIS,Neris aukščiau Panerių,2018-06-04,20.9,10.8,3.1,11.42,8.39,374.0
5e83c265-df94-439c-abc2-f769bd34521e,NERIS,Neris ties Buivydžiais,2018-06-04,20.7,15.1,3.3,11.75,8.59,366.0
440dd40d-9d52-46fa-a248-6025908b7fd9,NERIS,Neris aukščiau Kauno,2018-06-05,21.2,29.0,3.8,10.0,8.5,422.0
f1326bf8-0292-45c1-9696-fc043cb50f78,NERIS,Neris aukščiau Panerių,2018-07-02,15.7,8.9,4.4,9.64,8.27,380.0
0bbc2e3d-6852-4fec-aee4-fba36e05dae5,NERIS,Neris ties Buivydžiais,2018-07-02,15.1,7.9,4.3,9.65,8.36,372.0
8feeea8e-436f-4ba0-b32f-51a3b9c87ebb,NERIS,Neris aukščiau Kauno,2018-07-03,16.6,12.0,3.9,9.1,8.3,578.0
190ee53a-4d2a-4641-b1a7-12391641bc2d,NERIS,Neris aukščiau Panerių,2018-08-06,22.7,13.7,3.5,9.8,8.72,396.0
1fe8cfe3-abb8-491d-a63c-8894b3c164e1,NERIS,Neris žemiau Tuščiaulių,2018-08-06,22.3,8.8,3.3,8.61,8.5,395.0
87fb3b96-ef36-421e-9ec3-806c9879b064,NERIS,Neris ties Buivydžiais,2018-08-06,22.5,7.3,3.4,8.91,8.38,392.0
169495cf-9b79-40f5-982c-a5f3e7343e92,NERIS,Neris aukščiau Kauno,2018-08-07,21.6,4.6,3.9,7.6,8.2,446.0
6700a42d-6cd2-491b-b733-3b343fcdd01e,NERIS,Neris aukščiau Panerių,2018-09-03,18.1,9.6,3.5,9.95,8.19,407.0
6485e46b-34b4-48ce-bd35-f8794eeb9f45,NERIS,Neris ties Buivydžiais,2018-09-03,18.0,10.0,3.5,8.79,8.2,398.0
4c743c37-7f7c-4adf-bed6-73bb378e5cc0,NERIS,Neris aukščiau Kauno,2018-09-04,18.7,19.0,4.0,9.5,8.7,453.0
716eb7c4-7f36-477a-9d98-728285f60f2d,NERIS,Neris žemiau Tuščiaulių,2018-09-21,16.2,19.0,3.6,8.78,8.36,390.0
cbf63269-bc0e-411e-9fa9-4ceeecc129aa,NERIS,Neris aukščiau Panerių,2018-10-01,9.9,8.0,3.5,10.76,7.96,404.0
15dccd81-d0e2-4e1d-b048-ac1bfae5e7e8,NERIS,Neris ties Buivydžiais,2018-10-01,9.5,6.9,3.6,10.12,7.71,401.0
76629cf1-fb55-424b-87f0-2593ebdb4df5,NERIS,Neris aukščiau Kauno,2018-10-02,11.3,6.0,4.2,12.4,8.3,551.0
1be1c897-ba83-41d8-83b7-98643c7871c6,NERIS,Neris aukščiau Panerių,2018-11-05,8.0,6.1,3.7,11.22,8.2,425.0
9e3b61b0-bab2-4840-871e-4ddbb212aae7,NERIS,Neris ties Buivydžiais,2018-11-05,7.5,4.0,3.7,10.42,8.17,420.0
e9c9e68d-188b-4b31-badc-16d902903f49,NERIS,Neris aukščiau Kauno,2018-11-06,8.6,7.6,4.5,9.8,8.5,559.0
86fe4ac5-3f0f-4745-802d-9aecc305fb13,NERIS,Neris aukščiau Panerių,2018-12-03,0.2,2.9,3.7,13.15,7.59,462.0
4530758c-edc4-460f-ab27-8a7a401925c1,NERIS,Neris ties Buivydžiais,2018-12-03,0.2,3.0,3.6,12.94,6.98,446.0
6c512488-3912-4baa-affd-d0ac3a5aa4f8,NERIS,Neris aukščiau Kauno,2018-12-04,0.9,4.0,4.6,12.6,8.7,542.0
24b22942-70da-4df4-b4d0-51fff6d23dcb,NERIS,Neris ties Buivydžiais,2019-01-07,0.1,2.2,3.8,12.48,8.21,452.0
1b671fd1-381e-4190-aaa1-5fa2b6b70543,NERIS,Neris aukščiau Panerių,2019-01-07,0.2,3.7,3.8,12.62,7.87,447.0
de7367a4-1a11-44f0-a4c7-c4926ef3f6bc,NERIS,Neris aukščiau Kauno,2019-01-08,0.3,5.5,4.4,12.7,8.6,535.0
ebdeb0fd-5d61-49f0-a4a5-76d8018fb56e,NERIS,Neris aukščiau Panerių,2019-02-04,0.8,12.0,3.7,13.54,7.94,456.0
979e9e2f-85be-4f55-be03-4f5ae93eb30d,NERIS,Neris ties Buivydžiais,2019-02-04,0.4,6.2,3.7,13.07,7.95,440.0
91f92144-084e-4061-a90d-a3808b51bf22,NERIS,Neris aukščiau Kauno,2019-02-05,0.4,15.0,4.5,13.4,8.3,492.0
8a3966a0-8045-4486-bde2-b37336d91a1c,NERIS,Neris aukščiau Panerių,2019-03-04,1.4,5.9,3.5,13.38,7.98,449.0
1ca634d3-b14a-4de4-acf6-ebc33fd3e39a,NERIS,Neris ties Buivydžiais,2019-03-04,1.5,9.4,3.6,12.92,8.22,447.0
9951d789-ac44-487e-95e9-0924265cf0b2,NERIS,Neris aukščiau Kauno,2019-03-05,3.0,17.0,4.0,13.3,8.5,480.0
52b2c51d-a913-480b-a698-70b9158bff02,NERIS,Neris aukščiau Panerių,2019-04-01,6.2,4.9,2.54,11.9,8.24,411.0
088a0a58-0c44-4f6e-8fe1-939c96e67762,NERIS,Neris ties Buivydžiais,2019-04-01,5.9,6.8,3.6,12.08,8.31,405.0
3090a465-9eca-476e-ac25-6a8afbc29bea,NERIS,Neris aukščiau Kauno,2019-04-02,6.4,12.0,4.0,12.3,8.4,445.0
58b2f7cb-ae52-4bcf-9fb9-ae647a09f11a,NERIS,Neris aukščiau Panerių,2019-05-06,11.0,15.0,3.3,13.34,8.35,403.0
aab53040-03ff-476d-a86e-0c2cb48fe3e8,NERIS,Neris ties Buivydžiais,2019-05-06,11.5,13.0,3.4,12.5,8.21,401.0
721d0411-071d-45fa-9607-c6b0bc2cb3ea,NERIS,Neris aukščiau Kauno,2019-05-07,12.8,21.0,4.2,12.9,8.5,455.0
68fded6f-1a0e-489f-b84f-ea20e3348337,NERIS,Neris ties Buivydžiais,2019-06-03,19.1,8.7,3.4,10.61,8.55,402.0
9a3939ab-a2b7-4617-9c0b-7d055488019d,NERIS,Neris aukščiau Panerių,2019-06-03,19.4,12.0,3.4,12.05,8.76,405.0
7b7efcc3-2f6f-4094-bef7-d169c30025ce,NERIS,Neris aukščiau Kauno,2019-06-07,19.2,27.0,3.3,12.6,8.8,387.0
7d79258c-b903-4efe-89c5-a2fcce3ac10a,NERIS,Neris ties Buivydžiais,2019-07-01,20.3,6.6,3.4,8.68,8.28,395.0
bb64ecb7-6d2f-4282-90f2-e2c971f4a940,NERIS,Neris aukščiau Panerių,2019-07-01,20.6,10.0,3.5,9.59,8.53,401.0
2a559369-a731-453c-b7b6-9a15efb06242,NERIS,Neris aukščiau Kauno,2019-07-02,20.4,5.5,3.1,9.2,8.6,388.0
afab275f-70a5-493f-9ca2-dcc5d1a0063a,NERIS,Neris aukščiau Panerių,2019-08-05,17.4,5.4,3.4,9.41,8.22,393.0
249190fe-9e19-408a-912c-010bb78b85e4,NERIS,Neris ties Buivydžiais,2019-08-05,17.2,5.1,3.3,8.71,8.28,379.0
66e30977-037f-4b23-9978-23b49abfdd09,NERIS,Neris aukščiau Kauno,2019-08-06,19.9,7.8,3.9,11.3,8.7,453.0
734fe7a9-e309-4f3c-b94b-c0497f10d536,NERIS,Neris aukščiau Panerių,2019-09-02,20.1,3.3,4.1,7.93,8.12,391.0
b9d26e0e-f2c5-47f6-8e32-bcdbd0d525b9,NERIS,Neris ties Buivydžiais,2019-09-02,19.9,4.3,3.5,8.2,8.19,368.0
d4d67a92-f122-4e1d-b5ca-717d78f78400,NERIS,Neris aukščiau Kauno,2019-09-03,19.4,3.0,4.1,8.3,8.5,459.0
aad9b03f-0b05-4283-af4f-20c1dd7fefab,NERIS,Neris ties Buivydžiais,2019-10-07,7.4,4.9,3.8,10.23,7.97,403.0
8c80c5f3-fd07-49ae-933d-e8b182a817a0,NERIS,Neris aukščiau Panerių,2019-10-07,7.8,7.8,3.8,11.43,7.76,410.0
2ad1c61a-3279-4542-b136-9d66b98d0d84,NERIS,Neris aukščiau Kauno,2019-10-08,8.0,7.8,4.0,7.5,8.3,460.0
d4545e30-4163-43c5-b44c-90d1a71f0dc6,NERIS,Neris ties Buivydžiais,2019-11-04,7.0,2.8,3.7,10.83,7.68,411.0
f1e44504-aafe-4934-8e29-9f27fd1250e9,NERIS,Neris aukščiau Panerių,2019-11-04,7.2,4.4,4.2,11.02,7.83,417.0
b4cce721-148e-405c-ab2f-541119b76157,NERIS,Neris aukščiau Kauno,2019-11-05,8.8,5.0,4.2,11.8,8.4,483.0
2a3f9acd-33e2-492a-9a3e-468b102739eb,NERIS,Neris ties Buivydžiais,2019-12-02,0.6,3.1,3.5,13.35,7.57,404.0
c22aaa5c-c7a6-4be1-af86-85a044118b1f,NERIS,Neris aukščiau Panerių,2019-12-02,1.7,4.6,3.6,13.12,7.81,420.0
336aae02-c2d9-44f7-ae29-916b024e42e2,NERIS,Neris aukščiau Kauno,2019-12-03,1.8,6.2,4.2,14.8,8.5,486.0
485de233-0707-4f97-b2ef-e4a5f994d9ef,NERIS,Neris ties Buivydžiais,2020-01-06,0.7,4.3,4.6,13.11,7.23,433.0
9eba6f78-0fd6-4426-83c1-f481813aa1bd,NERIS,Neris aukščiau Panerių,2020-01-06,0.7,7.0,3.4,13.23,7.34,441.0
82178202-f555-44d6-b827-dc73ee34df60,NERIS,Neris aukščiau Kauno,2020-01-07,1.3,7.7,4.4,14.0,8.6,487.0
49578a5d-da7a-49d4-b116-b8adbcc08261,NERIS,Neris aukščiau Panerių,2020-02-03,4.1,2.0,3.7,12.49,7.95,423.0
d5fcf65f-d963-48a2-8150-14741414dc03,NERIS,Neris ties Buivydžiais,2020-02-03,3.0,4.1,3.5,12.35,8.09,418.0
bd66be0d-d356-4ba5-8975-71218724dbef,NERIS,Neris aukščiau Kauno,2020-02-04,3.5,9.3,4.1,14.0,8.6,482.0
6736c593-1c77-48fb-9816-4a9a0d4cfa3d,NERIS,Neris žemiau santakos su Žiežmara,2020-02-13,2.9,8.5,3.6,10.8,8.6,444.0
15a5d028-6859-493e-92c7-1c59c352bbd8,NERIS,Neris aukščiau Panerių,2020-03-02,3.3,3.3,3.0,11.79,8.49,419.0
434463d1-6944-45dd-9934-76b14f0d3afe,NERIS,Neris ties Buivydžiais,2020-03-02,4.3,3.1,3.7,12.19,7.89,421.0
9b4a09b9-ae8f-4acb-b52b-8c61963a5dca,NERIS,Neris aukščiau Kauno,2020-03-03,4.6,6.0,4.2,13.2,8.2,475.0
274d96a2-6a01-452d-8fe2-7746fa84c85f,NERIS,Neris žemiau santakos su Žiežmara,2020-03-30,4.7,6.0,3.7,13.8,8.5,420.0
bc7299a2-622b-47dc-855e-c21809e80d05,NERIS,Neris aukščiau Panerių,2020-04-06,6.6,3.5,3.5,12.83,8.79,417.0
28a9cfa3-81c2-4672-ac59-a17091f37923,NERIS,Neris ties Buivydžiais,2020-04-06,6.0,3.5,3.4,12.59,8.56,408.0
99258982-81f8-42b1-8eb8-1011349d7992,NERIS,Neris aukščiau Kauno,2020-04-07,7.8,4.4,4.2,14.5,8.4,461.0
9ff6ea6f-386f-4dfa-be28-9660683801fe,NERIS,Neris aukščiau Panerių,2020-05-04,12.84,15.0,3.2,12.84,8.47,395.0
80a2419f-db0f-4c62-90ec-7008fe3ce831,NERIS,Neris ties Buivydžiais,2020-05-04,11.8,15.0,3.3,9.96,8.23,409.0
4002dada-e3b7-4749-8f8a-4057ee032734,NERIS,Neris aukščiau Kauno,2020-05-05,14.0,12.0,4.1,9.8,8.9,464.0
48e4a3e7-c1e1-449b-bbc9-ea97a14575a8,NERIS,Neris ties Buivydžiais,2020-06-01,15.2,9.7,3.5,9.95,8.48,420.0
bd25bf02-034f-4b77-91f7-a569bf5ee319,NERIS,Neris aukščiau Panerių,2020-06-01,15.6,11.0,3.4,11.67,8.78,413.0
0030c589-3a58-47ea-a8b6-ca2b8c898312,NERIS,Neris aukščiau Kauno,2020-06-02,18.2,13.0,3.7,12.1,8.3,429.0
572c71f8-a225-416c-92d9-90c49cc19e6a,NERIS,Neris žemiau santakos su Žiežmara,2020-07-08,20.3,6.8,3.8,8.9,8.3,434.0
a4059b3e-9a6f-4af3-84f0-98ad291433e2,NERIS,Neris aukščiau Panerių,2020-07-13,17.8,4.0,5.0,8.13,8.27,372.0
4df74777-c433-482c-b872-8d5146fcefbf,NERIS,Neris ties Buivydžiais,2020-07-13,18.5,3.3,3.9,10.04,8.27,385.0
f6e2f8c2-e198-4b56-a919-a90191d0ad16,NERIS,Neris aukščiau Kauno,2020-07-14,19.4,3.3,4.0,11.6,8.5,463.0
a796a4ad-10a6-4071-a5e9-e7ef1dd004d0,NERIS,Neris aukščiau Panerių,2020-08-03,19.6,2.0,3.7,7.03,8.28,417.0
27972342-a804-42db-a234-699fc6bf0d27,NERIS,Neris ties Buivydžiais,2020-08-03,18.9,2.1,3.3,7.18,8.21,413.0
ce83bf49-4695-4643-adff-6fd44413a057,NERIS,Neris aukščiau Kauno,2020-08-04,21.1,2.1,4.0,12.5,8.6,462.0
e1f5bd13-dc84-4037-ad5d-12ce4aa3f170,NERIS,Neris ties Buivydžiais,2020-09-07,17.0,2.1,3.7,9.2,8.3,410.0
0d7e2ec5-7ea4-40d8-aef0-bae29d0e85e7,NERIS,Neris aukščiau Panerių,2020-09-07,17.5,4.4,3.1,9.6,8.41,427.0
066e1995-f430-4222-8289-c5c85e879a85,NERIS,Neris aukščiau Kauno,2020-09-08,16.3,4.4,4.1,11.5,8.7,461.0
f9d5b8a8-4425-4494-afb5-a4182512e2ed,NERIS,Neris žemiau santakos su Žiežmara,2020-09-30,14.3,5.9,4.2,12.5,8.6,449.0
5e916058-916a-4d4a-8f6f-3c934c12e4b2,NERIS,Neris aukščiau Panerių,2020-10-05,14.1,5.3,3.9,9.37,8.3,436.0
ad9f5df5-788a-49a2-be80-accf7fac4bab,NERIS,Neris ties Buivydžiais,2020-10-05,13.7,6.7,3.4,7.95,8.21,425.0
d83e65f7-e289-4541-9979-f35865c05529,NERIS,Neris aukščiau Kauno,2020-10-06,15.1,4.2,4.6,11.2,8.5,498.0
43570b42-ca0b-4e69-a0ae-bf61f43fccbf,NERIS,Neris aukščiau Panerių,2020-11-09,8.0,2.5,3.5,12.09,8.42,393.0
35f55c02-9d74-4196-a084-631261d1484c,NERIS,Neris ties Buivydžiais,2020-11-09,7.9,2.5,3.6,11.05,8.52,424.0
1a36a94f-b158-409e-8192-310a62d315c7,NERIS,Neris aukščiau Kauno,2020-11-10,7.7,3.7,4.3,12.7,8.4,500.0
43ff382a-85bb-4acd-8309-ed94a544473f,NERIS,Neris aukščiau Panerių,2020-12-07,1.1,3.7,3.6,13.64,7.94,426.0
8d42185a-1119-437b-b573-d1380e43a245,NERIS,Neris ties Buivydžiais,2020-12-07,0.8,3.3,4.0,13.69,8.12,428.0
fd149125-e884-417b-aa54-6d58427d8a23,NERIS,Neris aukščiau Kauno,2020-12-08,1.4,4.8,4.6,13.1,8.5,570.0
254a87dc-177a-4c30-9e9a-8eaf2e64962a,NERIS,Neris aukščiau Panerių,2021-01-04,1.6,3.8,3.6,13.76,8.24,437.0
f08b5650-53d4-4c39-94ff-bcd583f1b3f9,NERIS,Neris ties Buivydžiais,2021-01-04,1.3,2.6,3.9,13.61,8.12,438.0
441079b7-e1e3-4df0-8403-a7b73fb286ec,NERIS,Neris aukščiau Kauno,2021-01-05,1.9,5.5,4.4,14.4,8.4,533.0
790c716a-b60d-4c7f-bfdf-db21a020e827,NERIS,Neris žemiau Tuščiaulių,2021-02-01,0.1,4.1,3.4,10.63,7.86,415.0
5e8fd27f-1868-44cc-a483-e805ae00c88e,NERIS,Neris ties Buivydžiais,2021-02-01,0.1,2.6,3.6,11.83,7.65,464.0
5cad24e7-00a4-48f5-9083-76fda0d7a884,NERIS,Neris aukščiau Panerių,2021-02-01,0.1,12.0,3.4,11.15,8.05,480.0
10880054-011e-4851-a835-824aae960006,NERIS,Neris aukščiau Kauno,2021-02-02,0.2,3.1,4.4,12.6,8.4,538.0
e1039df0-c724-4de1-8c2b-cd4540f15e4e,NERIS,Neris aukščiau Panerių,2021-03-01,0.2,26.0,3.3,11.67,7.89,462.0
c4fe43b8-d670-4025-9b85-0e4672bca964,NERIS,Neris ties Buivydžiais,2021-03-01,0.2,8.3,3.7,11.08,7.79,461.0
340cb13d-b8c3-49e1-b21a-ad33ee6fe19c,NERIS,Neris aukščiau Kauno,2021-03-02,0.7,30.0,3.7,13.4,8.0,500.0
79b48772-149a-4bad-9d52-f7ab429e83df,NERIS,Neris ties Buivydžiais,2021-04-12,7.7,4.5,3.4,10.96,8.17,430.0
673477cc-130c-4a37-a631-7a95e7aa9923,NERIS,Neris aukščiau Panerių,2021-04-12,7.9,6.1,3.3,11.14,8.21,435.0
7ad2453b-bd9b-4fb7-acb2-d8db850f1366,NERIS,Neris aukščiau Kauno,2021-04-13,8.4,5.4,4.3,13.3,8.6,494.0
4952f165-4651-46b3-b8fa-a73043e129b3,NERIS,Neris aukščiau Panerių,2021-04-22,8.4,5.4,4.3,13.3,8.6,494.0
db084673-5b89-43a7-a8bf-260ae14f3cbf,NERIS,Neris aukščiau Panerių,2021-05-03,10.4,26.0,3.2,9.97,8.12,407.0
53f25d01-e610-4c45-b166-97955127d32c,NERIS,Neris ties Buivydžiais,2021-05-03,9.7,4.3,3.5,10.14,8.22,395.0
89c8b008-0f65-4f7a-8726-bdddafcdc403,NERIS,Neris žemiau Tuščiaulių,2021-05-03,9.8,4.7,3.3,10.28,8.23,386.0
715a286a-585a-4e4c-aa0e-a550602246e9,NERIS,Neris aukščiau Kauno,2021-05-04,9.2,20.0,4.4,12.3,8.5,485.0
9601fa7f-ad45-4a5c-85b5-7acf9f53295c,NERIS,Neris ties Buivydžiais,2021-06-07,18.5,12.0,3.2,9.85,8.2,423.0
52492df0-af1e-4b1a-bff8-0a7c052e77e9,NERIS,Neris aukščiau Panerių,2021-06-07,19.4,10.0,3.5,9.89,8.36,420.0
b71c1282-b494-400a-bc4e-92b236bfb3f0,NERIS,Neris aukščiau Kauno,2021-06-08,20.2,31.0,4.5,9.3,8.3,598.0
2e2dd437-c033-41bd-9c4e-45e2ba8b213f,NERIS,Neris ties Buivydžiais,2021-07-12,25.399999999999995,13.0,3.3,9.47,8.51,400.0
7797c77a-ca10-49e1-afea-f53dcbb9316f,NERIS,Neris aukščiau Panerių,2021-07-12,26.0,12.0,3.4,9.9,8.6,414.0
43396d93-e8a9-4f5d-bed5-353d1eb1d485,NERIS,Neris aukščiau Kauno,2021-07-13,24.4,8.4,4.0,9.8,8.3,579.0
3c83d83a-5d31-4aad-ac1c-f6dd886c5c67,NERIS,Neris aukščiau Panerių,2021-08-02,20.2,10.0,3.2,8.27,7.88,368.0
1dae84c1-6cef-4c4e-9053-b00976014adb,NERIS,Neris ties Buivydžiais,2021-08-02,21.2,4.1,3.0,7.96,8.17,400.0
e915304d-46eb-48ae-9fa4-b746caa1fd44,NERIS,Neris žemiau Tuščiaulių,2021-08-02,21.1,4.1,3.6,8.14,8.04,390.0
b507be04-6a63-4de7-a345-58a87b41e6e6,NERIS,Neris aukščiau Kauno,2021-08-03,19.7,12.0,4.1,8.1,8.5,436.0
ff7b5787-29c1-456b-932c-47c715501eab,NERIS,Neris aukščiau Panerių,2021-09-06,13.4,7.0,3.5,9.77,8.46,445.0
f829176f-145a-4656-a65a-f069f975d65f,NERIS,Neris ties Buivydžiais,2021-09-06,12.8,7.2,3.5,9.1,8.34,430.0
525131f7-8133-4b14-895e-a7884684d959,NERIS,Neris aukščiau Kauno,2021-09-07,13.4,5.4,4.7,9.6,8.4,482.0
961e7bf6-5353-4ff7-ad64-ba4c138eb06b,NERIS,Neris ties Buivydžiais,2021-10-04,10.4,4.6,3.4,10.08,8.2,434.0
d3d5399e-eb64-4c07-b331-6005732e45e4,NERIS,Neris aukščiau Panerių,2021-10-04,10.6,5.8,3.4,10.96,8.36,438.0
79d95382-68a9-4c2a-8521-d415fd9a8355,NERIS,Neris žemiau Tuščiaulių,2021-10-04,10.0,4.4,3.4,10.12,8.29,420.0
9372fab9-6fdf-41a9-993f-4d59c805e9be,NERIS,Neris aukščiau Kauno,2021-10-05,11.3,18.0,6.9,11.4,8.5,842.0
1bdcf41f-e1b2-4bb1-b111-9dbe1da204f1,NERIS,Neris ties Buivydžiais,2021-11-08,7.1,3.1,3.3,10.09,8.48,437.0
92aac768-2440-4823-838e-037aee10b1f2,NERIS,Neris aukščiau Panerių,2021-11-08,7.5,6.4,3.5,10.36,8.23,441.0
e69a2ffa-00ad-4bd4-87de-fa041e56474a,NERIS,Neris aukščiau Kauno,2021-11-09,6.1,6.7,4.5,10.1,8.2,491.0
c81b0116-f3fc-4528-83fb-4460e1411de6,NERIS,Neris ties Buivydžiais,2021-12-06,0.8,4.1,3.4,12.72,8.11,438.0
57b82d73-70ff-438c-9c8d-113fc10e174b,NERIS,Neris aukščiau Panerių,2021-12-06,1.0,5.5,3.5,13.15,8.15,448.0
cb0f3f6e-5da7-4ef7-8927-74c05fb89608,NERIS,Neris aukščiau Kauno,2021-12-07,0.6,11.0,4.6,14.7,8.5,521.0
28f00d69-1ddf-4f65-976f-5c7462978527,NERIS,Neris aukščiau Panerių,2022-01-03,0.4,22.0,3.3,12.26,7.49,472.0
52a4bef7-5697-4b7a-a416-c3cef23a5269,NERIS,Neris ties Buivydžiais,2022-01-03,0.2,4.3,3.5,12.96,7.99,439.0
809b08f7-87ae-41dd-b8e5-7248d8af72d7,NERIS,Neris aukščiau Kauno,2022-01-04,1.0,43.0,4.0,13.7,8.5,476.0
03613eb4-088a-4029-b11a-dd9d8f790dfc,NERIS,Neris aukščiau Kauno,2022-01-17,0.6,43.0,4.0,12.4,8.2,479.0
2b4e4c0e-9994-45f6-842f-6736531afce4,NERIS,Neris aukščiau Panerių,2022-01-19,0.6,43.0,4.0,12.4,8.2,479.0
76a2aae0-2306-48c5-b020-ab546461e070,NERIS,Neris ties Buivydžiais,2022-01-19,0.6,43.0,4.0,12.4,8.2,479.0
a70c1c29-8463-40b4-9965-32da03052b41,NERIS,Neris ties Buivydžiais,2022-02-07,1.2,3.8,3.6,12.9,8.24,433.0
0b66dbbd-177a-4dad-84bd-9196407fe238,NERIS,Neris aukščiau Panerių,2022-02-07,1.25,7.0,3.5,13.23,7.88,468.0
22b5d8c2-b83b-45b0-8170-64df741a321b,NERIS,Neris aukščiau Kauno,2022-02-08,1.4,15.0,4.0,16.3,8.2,477.0
4fdda0a9-1b6f-4e26-b763-b8347cfabd54,NERIS,Neris aukščiau Kauno,2022-02-28,2.4,15.0,4.0,13.9,8.3,392.0
7c664552-bced-460b-a869-244685083646,NERIS,Neris aukščiau Panerių,2022-03-07,1.3,4.9,3.1,13.29,7.61,405.0
c024a1f9-df32-493d-8d73-80b3dde5ec50,NERIS,Neris ties Buivydžiais,2022-03-07,1.5,3.9,3.2,12.96,7.21,414.0
83cdd64c-3111-48eb-a4ad-bf530c38ba62,NERIS,Neris aukščiau Kauno,2022-03-08,1.6,3.9,3.7,14.2,8.5,447.0
88178d22-21b1-4c77-a46e-e099c2d7f5ad,NERIS,Neris aukščiau Kauno,2022-03-15,3.3,3.9,3.7,13.6,8.4,470.0
c3ad7d60-2db1-41b1-832a-9a651336156c,NERIS,Neris aukščiau Panerių,2022-03-16,3.3,3.9,3.7,13.6,8.4,470.0
62763a95-92ae-40e9-9f91-f4481233ee95,NERIS,Neris ties Buivydžiais,2022-03-16,3.3,3.9,3.7,13.6,8.4,470.0
963f83da-3f4c-47f0-b370-e652c0e2835f,NERIS,Neris aukščiau Panerių,2022-04-04,4.2,3.2,3.1,13.5,8.23,406.0
bf6354aa-dbb4-42e2-82f5-8d52d78b7ef5,NERIS,Neris ties Buivydžiais,2022-04-04,4.1,3.5,3.3,13.01,8.27,405.0
ca3dde78-4daf-4691-a703-3349755018a2,NERIS,Neris aukščiau Kauno,2022-04-05,4.2,3.7,4.1,13.8,8.6,451.0
dd1127fd-90e9-4b07-b280-1c461707e8f2,NERIS,Neris aukščiau Panerių,2022-04-12,4.2,3.7,4.1,13.8,8.6,451.0
ba369a7a-fed2-4936-85fd-676696c67d0c,NERIS,Neris aukščiau Kauno,2022-04-12,8.8,3.7,4.1,14.6,8.6,443.0
6ff3789b-d6f1-477b-8118-0ee7b09d336b,NERIS,Neris ties Buivydžiais,2022-04-12,8.8,3.7,4.1,14.6,8.6,443.0
f16a4251-6b13-47aa-9c51-e621514eb06a,NERIS,Neris aukščiau Panerių,2022-05-02,10.8,6.3,3.0,10.86,8.07,384.0
8a569cfa-e49d-4c92-8170-7a908787cd6c,NERIS,Neris ties Buivydžiais,2022-05-02,10.9,6.7,3.0,10.45,8.01,380.0
f95519b3-dd75-491f-8fbb-39676ce6d1e1,NERIS,Neris aukščiau Kauno,2022-05-03,10.9,12.0,3.9,11.6,8.4,432.0
7433267a-5c9f-410c-a19a-ed3822668fcc,NERIS,Neris aukščiau Kauno,2022-05-05,11.1,12.0,3.9,11.4,8.4,439.0
1da07856-8934-4fce-9b74-4d4937766ad2,NERIS,Neris aukščiau Panerių,2022-05-10,11.1,12.0,3.9,11.4,8.4,439.0
5f4c4378-9639-4182-abf2-d0b477d2c907,NERIS,Neris ties Buivydžiais,2022-05-10,11.1,12.0,3.9,11.4,8.4,439.0
34620845-bdde-4878-8b59-fdd8206730dc,NERIS,Neris aukščiau Kauno,2022-05-10,13.1,12.0,3.9,13.9,8.5,443.0
980c9c25-58de-4d2f-928d-ffac27a7b6d1,NERIS,Neris aukščiau Panerių,2022-06-06,16.6,10.0,3.1,9.89,8.21,402.0
70519376-ac00-4f40-bdaf-e16eff53adf5,NERIS,Neris ties Buivydžiais,2022-06-06,16.6,10.0,3.3,9.18,7.97,401.0
147db68b-ae93-4281-a815-45a81afbacb6,NERIS,Neris aukščiau Kauno,2022-06-07,18.1,15.0,4.2,11.9,8.2,453.0
8eb1e1b3-c4b3-402d-ad82-4371cf1ce654,NERIS,Neris aukščiau Kauno,2022-06-09,18.9,15.0,4.2,10.3,8.2,484.0
24791afb-a27d-49c9-bb59-a10cd4e9c474,NERIS,Neris aukščiau Kauno,2022-06-14,17.5,15.0,4.2,6.6,7.9,487.0
4c9cd3b2-73fe-410e-b85e-3e2cd5ac9088,NERIS,Neris aukščiau Panerių,2022-06-14,17.5,15.0,4.2,6.6,7.9,487.0
9eea73f1-3a88-4011-8e4c-c25b5df8d98c,NERIS,Neris ties Buivydžiais,2022-06-14,17.5,15.0,4.2,6.6,7.9,487.0
3a4e2aaa-2c21-46c7-8d43-681004586df5,NERIS,Neris ties Buivydžiais,2022-07-11,19.8,5.0,3.2,7.99,7.76,402.0
344bcb04-018a-4e5a-8489-e90e45bb3e8a,NERIS,Neris aukščiau Panerių,2022-07-11,19.7,6.9,3.2,8.51,7.48,405.0
08bdd687-c10d-45af-a387-2f24a4c90859,NERIS,Neris ties Buivydžiais,2022-07-12,19.7,6.9,3.2,8.51,7.48,405.0
f5eedbe4-ab9d-4fa8-a896-d63a4d3be8d6,NERIS,Neris aukščiau Panerių,2022-07-12,19.7,6.9,3.2,8.51,7.48,405.0
eef68bea-3519-4693-9a7d-aa3c71249d54,NERIS,Neris aukščiau Kauno,2022-07-12,19.1,11.0,4.5,7.8,8.3,469.0
3630ab51-4944-4474-a57a-9866ab53acdd,NERIS,Neris aukščiau Kauno,2022-07-13,20.7,11.0,4.5,9.8,8.3,447.0
ed3f6be9-1529-49c5-b48b-da15fc6025ae,NERIS,Neris ties Buivydžiais,2022-08-01,18.7,4.6,3.4,7.49,7.07,414.0
11cc7cf7-ad12-4e94-ab80-74855fed466f,NERIS,Neris aukščiau Panerių,2022-08-01,18.7,3.6,3.5,8.1,7.18,419.0
f321361f-bf62-49a3-a933-875fb1868cc5,NERIS,Neris aukščiau Kauno,2022-08-02,18.7,4.1,4.4,8.6,8.3,470.0
8b08d484-63b3-4760-98b2-34bc1e76cb5b,NERIS,Neris ties Buivydžiais,2022-08-09,18.7,4.1,4.4,8.6,8.3,470.0
06b17fa8-b892-454b-8401-8628048089c1,NERIS,Neris aukščiau Panerių,2022-08-09,18.7,4.1,4.4,8.6,8.3,470.0
121031f7-a475-40df-bb3b-7fa78557af4b,NERIS,Neris aukščiau Kauno,2022-08-10,20.5,4.1,4.4,9.4,8.5,465.0
9d09e252-a7c7-46c9-be6f-06bb22b311f7,NERIS,Neris ties Buivydžiais,2022-09-05,14.7,3.4,3.4,11.7,7.92,406.0
7482b04f-a22b-4f39-b2be-a0b3e0324c2e,NERIS,Neris aukščiau Panerių,2022-09-05,14.9,3.1,3.5,11.98,7.69,412.0
909b51d7-ebd4-4d0d-a523-8dfcc580a084,NERIS,Neris aukščiau Kauno,2022-09-06,15.7,4.5,2.8,10.8,8.4,467.0
5fe2eb9d-4283-4fad-be77-d86ed927019a,NERIS,Neris aukščiau Kauno,2022-09-08,13.6,4.5,2.8,10.8,8.4,471.0
5b18315a-2a17-47e1-a316-ef13d4389cda,NERIS,Neris ties Buivydžiais,2022-09-27,13.6,4.5,2.8,10.8,8.4,471.0
74313dde-6eeb-4f2a-a0d7-2e708121f73e,NERIS,Neris aukščiau Panerių,2022-09-27,13.6,4.5,2.8,10.8,8.4,471.0
baea4c68-d16f-4e57-9c05-02267acec41b,NERIS,Neris aukščiau Kauno,2022-09-28,11.6,4.5,2.8,10.9,8.6,464.0
c75cd0d6-56e9-4237-94d2-5c4a9c0d6556,NERIS,Neris ties Buivydžiais,2022-10-03,9.2,4.6,3.3,9.99,7.64,426.0
39b4d365-70e4-4d99-8d5a-a874ee12a6d1,NERIS,Neris aukščiau Panerių,2022-10-03,9.5,3.1,3.5,10.2,7.91,435.0
66f4790c-e4b0-4787-a184-bdb38eb4a787,NERIS,Neris aukščiau Kauno,2022-10-04,9.7,5.1,4.4,10.6,8.6,474.0
f5c4f8b4-0f39-4c34-bebd-dc316f56976f,NERIS,Neris aukščiau Kauno,2022-10-06,9.7,5.1,4.4,11.3,8.6,458.0
9fd9892c-8524-40d8-a251-8ee213e2e58e,NERIS,Neris aukščiau Kauno,2022-10-10,9.3,5.1,4.4,10.4,8.5,470.0
0ec89286-5a94-4402-ba50-da330a0bd8b7,NERIS,Neris ties Buivydžiais,2022-10-11,9.3,5.1,4.4,10.4,8.5,470.0
abf950b8-631c-4374-8bb4-753bca9aede8,NERIS,Neris aukščiau Panerių,2022-10-11,9.3,5.1,4.4,10.4,8.5,470.0
bf539029-0eff-4f2f-ae20-4be719f1cc81,NERIS,Neris aukščiau Panerių,2022-11-07,7.3,2.6,3.5,11.05,8.17,424.0
5e648aa9-bd54-4943-b864-c5dc63daf13b,NERIS,Neris ties Buivydžiais,2022-11-07,7.0,3.1,3.4,10.73,8.15,423.0
78bf0118-5a58-4f3b-8cdf-c23afde0c328,NERIS,Neris aukščiau Kauno,2022-11-08,7.6,3.1,4.4,11.7,8.5,487.0
4162ed81-bfa9-49c6-a1af-da7ebb27700f,NERIS,Neris aukščiau Panerių,2022-12-05,0.3,4.5,3.8,13.04,7.86,451.0
0718a03d-854b-4a3a-b9a3-69e5ff3c2523,NERIS,Neris ties Buivydžiais,2022-12-05,0.2,2.9,4.0,13.29,7.78,461.0
f5baa0b0-283f-4b3b-ab04-a74a74d5eaff,NERIS,Neris aukščiau Kauno,2022-12-06,0.4,3.7,4.3,13.4,8.3,607.0
a8657ab8-57b5-46f7-b83d-16cb3d385f45,NERIS,Neris aukščiau Panerių,2022-12-13,0.4,3.7,4.3,13.4,8.3,607.0
fcc36a31-88e5-4af9-b326-5d2520b754ef,NERIS,Neris ties Buivydžiais,2022-12-13,0.4,3.7,4.3,13.4,8.3,607.0
c4ebe529-e23e-41b0-9720-dd16c4c94baa,NERIS,Neris aukščiau Kauno,2022-12-14,0.5,3.7,4.3,14.8,8.2,547.0
